0342|perispomenicomb|Mark|Nonspacing|COMBINING GREEK PERISPOMENI
0343|koroniscomb|Mark|Nonspacing|COMBINING GREEK KORONIS
0344|dialytikatonoscomb|Mark|Nonspacing|COMBINING GREEK DIALYTIKA TONOS
0345|ypogegrammenicomb|Mark|Nonspacing|COMBINING GREEK YPOGEGRAMMENI
0391|Alpha|Letter|Uppercase|GREEK CAPITAL LETTER ALPHA
0392|Beta|Letter|Uppercase|GREEK CAPITAL LETTER BETA
0393|Gamma|Letter|Uppercase|GREEK CAPITAL LETTER GAMMA
0394|Delta|Letter|Uppercase|GREEK CAPITAL LETTER DELTA
0395|Epsilon|Letter|Uppercase|GREEK CAPITAL LETTER EPSILON
0396|Zeta|Letter|Uppercase|GREEK CAPITAL LETTER ZETA
0397|Eta|Letter|Uppercase|GREEK CAPITAL LETTER ETA
0398|Theta|Letter|Uppercase|GREEK CAPITAL LETTER THETA
0399|Iota|Letter|Uppercase|GREEK CAPITAL LETTER IOTA
039A|Kappa|Letter|Uppercase|GREEK CAPITAL LETTER KAPPA
039B|Lambda|Letter|Uppercase|GREEK CAPITAL LETTER LAMDA
039C|Mu|Letter|Uppercase|GREEK CAPITAL LETTER MU
039D|Nu|Letter|Uppercase|GREEK CAPITAL LETTER NU
039E|Xi|Letter|Uppercase|GREEK CAPITAL LETTER XI
039F|Omicron|Letter|Uppercase|GREEK CAPITAL LETTER OMICRON
03A0|Pi|Letter|Uppercase|GREEK CAPITAL LETTER PI
03A1|Rho|Letter|Uppercase|GREEK CAPITAL LETTER RHO
03A3|Sigma|Letter|Uppercase|GREEK CAPITAL LETTER SIGMA
03A4|Tau|Letter|Uppercase|GREEK CAPITAL LETTER TAU
03A5|Upsilon|Letter|Uppercase|GREEK CAPITAL LETTER UPSILON
03A6|Phi|Letter|Uppercase|GREEK CAPITAL LETTER PHI
03A7|Chi|Letter|Uppercase|GREEK CAPITAL LETTER CHI
03A8|Psi|Letter|Uppercase|GREEK CAPITAL LETTER PSI
03A9|Omega|Letter|Uppercase|GREEK CAPITAL LETTER OMEGA
03B1|alpha|Letter|Lowercase|GREEK SMALL LETTER ALPHA
03B2|beta|Letter|Lowercase|GREEK SMALL LETTER BETA
03B3|gamma|Letter|Lowercase|GREEK SMALL LETTER GAMMA
03B4|delta|Letter|Lowercase|GREEK SMALL LETTER DELTA
03B5|epsilon|Letter|Lowercase|GREEK SMALL LETTER EPSILON
03B6|zeta|Letter|Lowercase|GREEK SMALL LETTER ZETA
03B7|eta|Letter|Lowercase|GREEK SMALL LETTER ETA
03B8|theta|Letter|Lowercase|GREEK SMALL LETTER THETA
03B9|iota|Letter|Lowercase|GREEK SMALL LETTER IOTA
03BA|kappa|Letter|Lowercase|GREEK SMALL LETTER KAPPA
03BB|lambda|Letter|Lowercase|GREEK SMALL LETTER LAMDA
03BC|mu|Letter|Lowercase|GREEK SMALL LETTER MU
03BD|nu|Letter|Lowercase|GREEK SMALL LETTER NU
03BE|xi|Letter|Lowercase|GREEK SMALL LETTER XI
03BF|omicron|Letter|Lowercase|GREEK SMALL LETTER OMICRON
03C0|pi|Letter|Lowercase|GREEK SMALL LETTER PI
03C1|rho|Letter|Lowercase|GREEK SMALL LETTER RHO
03C2|sigmafinal|Letter|Lowercase|GREEK SMALL LETTER FINAL SIGMA
03C3|sigma|Letter|Lowercase|GREEK SMALL LETTER SIGMA
03C4|tau|Letter|Lowercase|GREEK SMALL LETTER TAU
03C5|upsilon|Letter|Lowercase|GREEK SMALL LETTER UPSILON
03C6|phi|Letter|Lowercase|GREEK SMALL LETTER PHI
03C7|chi|Letter|Lowercase|GREEK SMALL LETTER CHI
03C8|psi|Letter|Lowercase|GREEK SMALL LETTER PSI
03C9|omega|Letter|Lowercase|GREEK SMALL LETTER OMEGA
0384|tonos|Mark|Spacing|GREEK TONOS
0385|dieresistonos|Mark|Spacing|GREEK DIALYTIKA TONOS
0387|anoteleia|Punctuation|None|GREEK ANO TELEIA
0386|Alphatonos|Letter|Uppercase|GREEK CAPITAL LETTER ALPHA WITH TONOS
0388|Epsilontonos|Letter|Uppercase|GREEK CAPITAL LETTER EPSILON WITH TONOS
0389|Etatonos|Letter|Uppercase|GREEK CAPITAL LETTER ETA WITH TONOS
038A|Iotatonos|Letter|Uppercase|GREEK CAPITAL LETTER IOTA WITH TONOS
038C|Omicrontonos|Letter|Uppercase|GREEK CAPITAL LETTER OMICRON WITH TONOS
038E|Upsilontonos|Letter|Uppercase|GREEK CAPITAL LETTER UPSILON WITH TONOS
038F|Omegatonos|Letter|Uppercase|GREEK CAPITAL LETTER OMEGA WITH TONOS
03AA|Iotadieresis|Letter|Uppercase|GREEK CAPITAL LETTER IOTA WITH DIALYTIKA
03AB|Upsilondieresis|Letter|Uppercase|GREEK CAPITAL LETTER UPSILON WITH DIALYTIKA
03AF|iotatonos|Letter|Lowercase|GREEK SMALL LETTER IOTA WITH TONOS
03CA|iotadieresis|Letter|Lowercase|GREEK SMALL LETTER IOTA WITH DIALYTIKA
0390|iotadieresistonos|Letter|Lowercase|GREEK SMALL LETTER IOTA WITH DIALYTIKA AND TONOS
03CD|upsilontonos|Letter|Lowercase|GREEK SMALL LETTER UPSILON WITH TONOS
03CB|upsilondieresis|Letter|Lowercase|GREEK SMALL LETTER UPSILON WITH DIALYTIKA
03B0|upsilondieresistonos|Letter|Lowercase|GREEK SMALL LETTER UPSILON WITH DIALYTIKA AND TONOS
03CC|omicrontonos|Letter|Lowercase|GREEK SMALL LETTER OMICRON WITH TONOS
03CE|omegatonos|Letter|Lowercase|GREEK SMALL LETTER OMEGA WITH TONOS
03AC|alphatonos|Letter|Lowercase|GREEK SMALL LETTER ALPHA WITH TONOS
03AD|epsilontonos|Letter|Lowercase|GREEK SMALL LETTER EPSILON WITH TONOS
03AE|etatonos|Letter|Lowercase|GREEK SMALL LETTER ETA WITH TONOS
0370|Heta|Letter|Uppercase|GREEK CAPITAL LETTER HETA
0371|heta|Letter|Lowercase|GREEK SMALL LETTER HETA
0372|Archaicsampi|Letter|Uppercase|GREEK CAPITAL LETTER ARCHAIC SAMPI
0373|archaicsampi|Letter|Lowercase|GREEK SMALL LETTER ARCHAIC SAMPI
0374|numeral-greek|Symbol|None|Modifier|GREEK NUMERAL SIGN
0375|lowernumeral-greek|Symbol|None|Modifier|GREEK LOWER NUMERAL SIGN
0376|Pamphyliandigamma|Letter|Uppercase|GREEK CAPITAL LETTER PAMPHYLIAN DIGAMMA
0377|pamphyliandigamma|Letter|Lowercase|GREEK SMALL LETTER PAMPHYLIAN DIGAMMA
037A|ypogegrammeni|Letter|Modifier|GREEK YPOGEGRAMMENI
037B|sigmaLunateReversedSymbol|None|Letter|Lowercase|GREEK SMALL REVERSED LUNATE SIGMA SYMBOL
037C|sigmaLunateDottedSymbol|None|Letter|Lowercase|GREEK SMALL DOTTED LUNATE SIGMA SYMBOL
037D|sigmaLunateDottedReversedSymbol|None|Letter|Lowercase|GREEK SMALL REVERSED DOTTED LUNATE SIGMA SYMBOL
037E|questiongreek|Punctuation|None|GREEK QUESTION MARK
037F|Yot|Letter|Uppercase|GREEK CAPITAL LETTER YOT
03D8|KoppaArchaic|Letter|Uppercase|GREEK LETTER ARCHAIC KOPPA
03D9|koppaArchaic|Letter|Lowercase|GREEK SMALL LETTER ARCHAIC KOPPA
03DA|Stigma|Letter|Uppercase|GREEK LETTER STIGMA
03DB|stigma|Letter|Lowercase|GREEK SMALL LETTER STIGMA
03DC|Digamma|Letter|Uppercase|GREEK LETTER DIGAMMA
03DD|digamma|Letter|Lowercase|GREEK SMALL LETTER DIGAMMA
03DE|Koppa|Letter|Uppercase|GREEK LETTER KOPPA
03DF|koppa|Letter|Lowercase|GREEK SMALL LETTER KOPPA
03E0|Sampi|Letter|Uppercase|GREEK LETTER SAMPI
03E1|sampi|Letter|Lowercase|GREEK SMALL LETTER SAMPI
03CF|KaiSymbol|None|Letter|Uppercase|GREEK CAPITAL KAI SYMBOL
03D7|kaiSymbol|None|Letter|Lowercase|GREEK KAI SYMBOL
03D0|betaSymbol|None|Letter|Lowercase|GREEK BETA SYMBOL
03D1|thetaSymbol|None|Letter|Lowercase|GREEK THETA SYMBOL
03D2|UpsilonhookSymbol|None|Letter|Uppercase|GREEK UPSILON WITH HOOK SYMBOL
03D3|UpsilonacutehookSymbol|None|Letter|Uppercase|GREEK UPSILON WITH ACUTE AND HOOK SYMBOL
03D4|UpsilondieresishookSymbol|None|Letter|Uppercase|GREEK UPSILON WITH DIAERESIS AND HOOK SYMBOL
03D5|phiSymbol|None|Letter|Lowercase|GREEK PHI SYMBOL
03D6|piSymbol|None|Letter|Lowercase|GREEK PI SYMBOL
03F0|kappaSymbol|None|Letter|Lowercase|GREEK KAPPA SYMBOL
03F1|rhoSymbol|None|Letter|Lowercase|GREEK RHO SYMBOL
03F2|sigmaLunateSymbol|None|Letter|Lowercase|GREEK LUNATE SIGMA SYMBOL
03F3|yot|Letter|Lowercase|GREEK LETTER YOT
03F4|ThetaSymbol|None|Letter|Uppercase|GREEK CAPITAL THETA SYMBOL
03F5|epsilonLunateSymbol|None|Letter|Lowercase|GREEK LUNATE EPSILON SYMBOL
03F6|epsilonLunateReversedSymbol|None|Symbol|None|Math|GREEK REVERSED LUNATE EPSILON SYMBOL
03F7|Sho|Letter|Uppercase|GREEK CAPITAL LETTER SHO
03F8|sho|Letter|Lowercase|GREEK SMALL LETTER SHO
03F9|SigmaLunateSymbol|None|Letter|Uppercase|GREEK CAPITAL LUNATE SIGMA SYMBOL
03FA|San|Letter|Uppercase|GREEK CAPITAL LETTER SAN
03FB|san|Letter|Lowercase|GREEK SMALL LETTER SAN
03FC|rhoStrokeSymbol|None|Letter|Lowercase|GREEK RHO WITH STROKE SYMBOL
03FD|SigmaLunateReversedSymbol|None|Letter|Uppercase|GREEK CAPITAL REVERSED LUNATE SIGMA SYMBOL
03FE|SigmaLunateDottedSymbol|None|Letter|Uppercase|GREEK CAPITAL DOTTED LUNATE SIGMA SYMBOL
03FF|SigmaLunateDottedReversedSymbol|None|Letter|Uppercase|GREEK CAPITAL REVERSED DOTTED LUNATE SIGMA SYMBOL
1F00|alphapsili|Letter|Lowercase|GREEK SMALL LETTER ALPHA WITH PSILI
1F01|alphadasia|Letter|Lowercase|GREEK SMALL LETTER ALPHA WITH DASIA
1F02|alphapsilivaria|Letter|Lowercase|GREEK SMALL LETTER ALPHA WITH PSILI AND VARIA
1F03|alphadasiavaria|Letter|Lowercase|GREEK SMALL LETTER ALPHA WITH DASIA AND VARIA
1F04|alphapsilioxia|Letter|Lowercase|GREEK SMALL LETTER ALPHA WITH PSILI AND OXIA
1F05|alphadasiaoxia|Letter|Lowercase|GREEK SMALL LETTER ALPHA WITH DASIA AND OXIA
1F06|alphapsiliperispomeni|Letter|Lowercase|GREEK SMALL LETTER ALPHA WITH PSILI AND PERISPOMENI
1F07|alphadasiaperispomeni|Letter|Lowercase|GREEK SMALL LETTER ALPHA WITH DASIA AND PERISPOMENI
1F08|Alphapsili|Letter|Uppercase|GREEK CAPITAL LETTER ALPHA WITH PSILI
1F09|Alphadasia|Letter|Uppercase|GREEK CAPITAL LETTER ALPHA WITH DASIA
1F0A|Alphapsilivaria|Letter|Uppercase|GREEK CAPITAL LETTER ALPHA WITH PSILI AND VARIA
1F0B|Alphadasiavaria|Letter|Uppercase|GREEK CAPITAL LETTER ALPHA WITH DASIA AND VARIA
1F0C|Alphapsilioxia|Letter|Uppercase|GREEK CAPITAL LETTER ALPHA WITH PSILI AND OXIA
1F0D|Alphadasiaoxia|Letter|Uppercase|GREEK CAPITAL LETTER ALPHA WITH DASIA AND OXIA
1F0E|Alphapsiliperispomeni|Letter|Uppercase|GREEK CAPITAL LETTER ALPHA WITH PSILI AND PERISPOMENI
1F0F|Alphadasiaperispomeni|Letter|Uppercase|GREEK CAPITAL LETTER ALPHA WITH DASIA AND PERISPOMENI
1F10|epsilonpsili|Letter|Lowercase|GREEK SMALL LETTER EPSILON WITH PSILI
1F11|epsilondasia|Letter|Lowercase|GREEK SMALL LETTER EPSILON WITH DASIA
1F12|epsilonpsilivaria|Letter|Lowercase|GREEK SMALL LETTER EPSILON WITH PSILI AND VARIA
1F13|epsilondasiavaria|Letter|Lowercase|GREEK SMALL LETTER EPSILON WITH DASIA AND VARIA
1F14|epsilonpsilioxia|Letter|Lowercase|GREEK SMALL LETTER EPSILON WITH PSILI AND OXIA
1F15|epsilondasiaoxia|Letter|Lowercase|GREEK SMALL LETTER EPSILON WITH DASIA AND OXIA
1F18|Epsilonpsili|Letter|Uppercase|GREEK CAPITAL LETTER EPSILONPSILI
1F19|Epsilondasia|Letter|Uppercase|GREEK CAPITAL LETTER EPSILONDASIA
1F1A|Epsilonpsilivaria|Letter|Uppercase|GREEK CAPITAL LETTER EPSILONPSILI AND VARIA
1F1B|Epsilondasiavaria|Letter|Uppercase|GREEK CAPITAL LETTER EPSILONDASIA AND VARIA
1F1C|Epsilonpsilioxia|Letter|Uppercase|GREEK CAPITAL LETTER EPSILONPSILI AND OXIA
1F1D|Epsilondasiaoxia|Letter|Uppercase|GREEK CAPITAL LETTER EPSILONDASIA AND OXIA
1F20|etapsili|Letter|Lowercase|GREEK SMALL LETTER ETA WITH PSILI
1F21|etadasia|Letter|Lowercase|GREEK SMALL LETTER ETA WITH DASIA
1F22|etapsilivaria|Letter|Lowercase|GREEK SMALL LETTER ETA WITH PSILI AND VARIA
1F23|etadasiavaria|Letter|Lowercase|GREEK SMALL LETTER ETA WITH DASIA AND VARIA
1F24|etapsilioxia|Letter|Lowercase|GREEK SMALL LETTER ETA WITH PSILI AND OXIA
1F25|etadasiaoxia|Letter|Lowercase|GREEK SMALL LETTER ETA WITH DASIA AND OXIA
1F26|etapsiliperispomeni|Letter|Lowercase|GREEK SMALL LETTER ETA WITH PSILI AND PERISPOMENI
1F27|etadasiaperispomeni|Letter|Lowercase|GREEK SMALL LETTER ETA WITH DASIA AND PERISPOMENI
1F28|Etapsili|Letter|Uppercase|GREEK CAPITAL LETTER ETA WITH PSILI
1F29|Etadasia|Letter|Uppercase|GREEK CAPITAL LETTER ETA WITH DASIA
1F2A|Etapsilivaria|Letter|Uppercase|GREEK CAPITAL LETTER ETA WITH PSILI AND VARIA
1F2B|Etadasiavaria|Letter|Uppercase|GREEK CAPITAL LETTER ETA WITH DASIA AND VARIA
1F2C|Etapsilioxia|Letter|Uppercase|GREEK CAPITAL LETTER ETA WITH PSILI AND OXIA
1F2D|Etadasiaoxia|Letter|Uppercase|GREEK CAPITAL LETTER ETA WITH DASIA AND OXIA
1F2E|Etapsiliperispomeni|Letter|Uppercase|GREEK CAPITAL LETTER ETA WITH PSILI AND PERISPOMENI
1F2F|Etadasiaperispomeni|Letter|Uppercase|GREEK CAPITAL LETTER ETA WITH DASIA AND PERISPOMENI
1F30|iotapsili|Letter|Lowercase|GREEK SMALL LETTER IOTA WITH PSILI
1F31|iotadasia|Letter|Lowercase|GREEK SMALL LETTER IOTA WITH DASIA
1F32|iotapsilivaria|Letter|Lowercase|GREEK SMALL LETTER IOTA WITH PSILI AND VARIA
1F33|iotadasiavaria|Letter|Lowercase|GREEK SMALL LETTER IOTA WITH DASIA AND VARIA
1F34|iotapsilioxia|Letter|Lowercase|GREEK SMALL LETTER IOTA WITH PSILI AND OXIA
1F35|iotadasiaoxia|Letter|Lowercase|GREEK SMALL LETTER IOTA WITH DASIA AND OXIA
1F36|iotapsiliperispomeni|Letter|Lowercase|GREEK SMALL LETTER IOTA WITH PSILI AND PERISPOMENI
1F37|iotadasiaperispomeni|Letter|Lowercase|GREEK SMALL LETTER IOTA WITH DASIA AND PERISPOMENI
1F38|Iotapsili|Letter|Uppercase|GREEK CAPITAL LETTER IOTA WITH PSILI
1F39|Iotadasia|Letter|Uppercase|GREEK CAPITAL LETTER IOTA WITH DASIA
1F3A|Iotapsilivaria|Letter|Uppercase|GREEK CAPITAL LETTER IOTA WITH PSILI AND VARIA
1F3B|Iotadasiavaria|Letter|Uppercase|GREEK CAPITAL LETTER IOTA WITH DASIA AND VARIA
1F3C|Iotapsilioxia|Letter|Uppercase|GREEK CAPITAL LETTER IOTA WITH PSILI AND OXIA
1F3D|Iotadasiaoxia|Letter|Uppercase|GREEK CAPITAL LETTER IOTA WITH DASIA AND OXIA
1F3E|Iotapsiliperispomeni|Letter|Uppercase|GREEK CAPITAL LETTER IOTA WITH PSILI AND PERISPOMENI
1F3F|Iotadasiaperispomeni|Letter|Uppercase|GREEK CAPITAL LETTER IOTA WITH DASIA AND PERISPOMENI
1F40|omicronpsili|Letter|Lowercase|GREEK SMALL LETTER OMICRON WITH PSILI
1F41|omicrondasia|Letter|Lowercase|GREEK SMALL LETTER OMICRON WITH DASIA
1F42|omicronpsilivaria|Letter|Lowercase|GREEK SMALL LETTER OMICRON WITH PSILI AND VARIA
1F43|omicrondasiavaria|Letter|Lowercase|GREEK SMALL LETTER OMICRON WITH DASIA AND VARIA
1F44|omicronpsilioxia|Letter|Lowercase|GREEK SMALL LETTER OMICRON WITH PSILI AND OXIA
1F45|omicrondasiaoxia|Letter|Lowercase|GREEK SMALL LETTER OMICRON WITH DASIA AND OXIA
1F48|Omicronpsili|Letter|Uppercase|GREEK CAPITAL LETTER OMICRON WITH PSILI
1F49|Omicrondasia|Letter|Uppercase|GREEK CAPITAL LETTER OMICRON WITH DASIA
1F4A|Omicronpsilivaria|Letter|Uppercase|GREEK CAPITAL LETTER OMICRON WITH PSILI AND VARIA
1F4B|Omicrondasiavaria|Letter|Uppercase|GREEK CAPITAL LETTER OMICRON WITH DASIA AND VARIA
1F4C|Omicronpsilioxia|Letter|Uppercase|GREEK CAPITAL LETTER OMICRON WITH PSILI AND OXIA
1F4D|Omicrondasiaoxia|Letter|Uppercase|GREEK CAPITAL LETTER OMICRON WITH DASIA AND OXIA
1F50|upsilonpsili|Letter|Lowercase|GREEK SMALL LETTER UPSILON WITH PSILI
1F51|upsilondasia|Letter|Lowercase|GREEK SMALL LETTER UPSILON WITH DASIA
1F52|upsilonpsilivaria|Letter|Lowercase|GREEK SMALL LETTER UPSILON WITH PSILI AND VARIA
1F53|upsilondasiavaria|Letter|Lowercase|GREEK SMALL LETTER UPSILON WITH DASIA AND VARIA
1F54|upsilonpsilioxia|Letter|Lowercase|GREEK SMALL LETTER UPSILON WITH PSILI AND OXIA
1F55|upsilondasiaoxia|Letter|Lowercase|GREEK SMALL LETTER UPSILON WITH DASIA AND OXIA
1F56|upsilonpsiliperispomeni|Letter|Lowercase|GREEK SMALL LETTER UPSILON WITH PSILI AND PERISPOMENI
1F57|upsilondasiaperispomeni|Letter|Lowercase|GREEK SMALL LETTER UPSILON WITH DASIA AND PERISPOMENI
1F59|Upsilondasia|Letter|Uppercase|GREEK CAPITAL LETTER UPSILON WITH DASIA
1F5B|Upsilondasiavaria|Letter|Uppercase|GREEK CAPITAL LETTER UPSILON WITH DASIA AND VARIA
1F5D|Upsilondasiaoxia|Letter|Uppercase|GREEK CAPITAL LETTER UPSILON WITH DASIA AND OXIA
1F5F|Upsilondasiaperispomeni|Letter|Uppercase|GREEK CAPITAL LETTER UPSILON WITH DASIA AND PERISPOMENI
1F60|omegapsili|Letter|Lowercase|GREEK SMALL LETTER OMEGA WITH PSILI
1F61|omegadasia|Letter|Lowercase|GREEK SMALL LETTER OMEGA WITH DASIA
1F62|omegapsilivaria|Letter|Lowercase|GREEK SMALL LETTER OMEGA WITH PSILI AND VARIA
1F63|omegadasiavaria|Letter|Lowercase|GREEK SMALL LETTER OMEGA WITH DASIA AND VARIA
1F64|omegapsilioxia|Letter|Lowercase|GREEK SMALL LETTER OMEGA WITH PSILI AND OXIA
1F65|omegadasiaoxia|Letter|Lowercase|GREEK SMALL LETTER OMEGA WITH DASIA AND OXIA
1F66|omegapsiliperispomeni|Letter|Lowercase|GREEK SMALL LETTER OMEGA WITH PSILI AND PERISPOMENI
1F67|omegadasiaperispomeni|Letter|Lowercase|GREEK SMALL LETTER OMEGA WITH DASIA AND PERISPOMENI
1F68|Omegapsili|Letter|Uppercase|GREEK CAPITAL LETTER OMEGA WITH PSILI
1F69|Omegadasia|Letter|Uppercase|GREEK CAPITAL LETTER OMEGA WITH DASIA
1F6A|Omegapsilivaria|Letter|Uppercase|GREEK CAPITAL LETTER OMEGA WITH PSILI AND VARIA
1F6B|Omegadasiavaria|Letter|Uppercase|GREEK CAPITAL LETTER OMEGA WITH DASIA AND VARIA
1F6C|Omegapsilioxia|Letter|Uppercase|GREEK CAPITAL LETTER OMEGA WITH PSILI AND OXIA
1F6D|Omegadasiaoxia|Letter|Uppercase|GREEK CAPITAL LETTER OMEGA WITH DASIA AND OXIA
1F6E|Omegapsiliperispomeni|Letter|Uppercase|GREEK CAPITAL LETTER OMEGA WITH PSILI AND PERISPOMENI
1F6F|Omegadasiaperispomeni|Letter|Uppercase|GREEK CAPITAL LETTER OMEGA WITH DASIA AND PERISPOMENI
1F70|alphavaria|Letter|Lowercase|GREEK SMALL LETTER ALPHA WITH VARIA
1F71|alphaoxia|Letter|Lowercase|GREEK SMALL LETTER ALPHA WITH OXIA
1F72|epsilonvaria|Letter|Lowercase|GREEK SMALL LETTER EPSILON WITH VARIA
1F73|epsilonoxia|Letter|Lowercase|GREEK SMALL LETTER EPSILON WITH OXIA
1F74|etavaria|Letter|Lowercase|GREEK SMALL LETTER ETA WITH VARIA
1F75|etaoxia|Letter|Lowercase|GREEK SMALL LETTER ETA WITH OXIA
1F76|iotavaria|Letter|Lowercase|GREEK SMALL LETTER IOTA WITH VARIA
1F77|iotaoxia|Letter|Lowercase|GREEK SMALL LETTER IOTA WITH OXIA
1F78|omicronvaria|Letter|Lowercase|GREEK SMALL LETTER OMICRON WITH VARIA
1F79|omicronoxia|Letter|Lowercase|GREEK SMALL LETTER OMICRON WITH OXIA
1F7A|upsilonvaria|Letter|Lowercase|GREEK SMALL LETTER UPSILON WITH VARIA
1F7B|upsilonoxia|Letter|Lowercase|GREEK SMALL LETTER UPSILON WITH OXIA
1F7C|omegavaria|Letter|Lowercase|GREEK SMALL LETTER OMEGA WITH VARIA
1F7D|omegaoxia|Letter|Lowercase|GREEK SMALL LETTER OMEGA WITH OXIA
1F80|alphapsiliypogegrammeni|Letter|Lowercase|GREEK SMALL LETTER ALPHA WITH PSILI AND YPOGEGRAMMENI
1F81|alphadasiaypogegrammeni|Letter|Lowercase|GREEK SMALL LETTER ALPHA WITH DASIA AND YPOGEGRAMMENI
1F82|alphapsilivariaypogegrammeni|Letter|Lowercase|GREEK SMALL LETTER ALPHA WITH PSILI AND VARIA AND YPOGEGRAMMENI
1F83|alphadasiavariaypogegrammeni|Letter|Lowercase|GREEK SMALL LETTER ALPHA WITH DASIA AND VARIA AND YPOGEGRAMMENI
1F84|alphapsilioxiaypogegrammeni|Letter|Lowercase|GREEK SMALL LETTER ALPHA WITH PSILI AND OXIA AND YPOGEGRAMMENI
1F85|alphadasiaoxiaypogegrammeni|Letter|Lowercase|GREEK SMALL LETTER ALPHA WITH DASIA AND OXIA AND YPOGEGRAMMENI
1F86|alphapsiliperispomeniypogegrammeni|Letter|Lowercase|GREEK SMALL LETTER ALPHA WITH PSILI AND PERISPOMENI AND YPOGEGRAMMENI
1F87|alphadasiaperispomeniypogegrammeni|Letter|Lowercase|GREEK SMALL LETTER ALPHA WITH DASIA AND PERISPOMENI AND YPOGEGRAMMENI
1F88|Alphapsiliprosgegrammeni|Letter|Uppercase|GREEK CAPITAL LETTER ALPHA WITH PSILI AND PROSGEGRAMMENI
1F89|Alphadasiaprosgegrammeni|Letter|Uppercase|GREEK CAPITAL LETTER ALPHA WITH DASIA AND PROSGEGRAMMENI
1F8A|Alphapsilivariaprosgegrammeni|Letter|Uppercase|GREEK CAPITAL LETTER ALPHA WITH PSILI AND VARIA AND PROSGEGRAMMENI
1F8B|Alphadasiavariaprosgegrammeni|Letter|Uppercase|GREEK CAPITAL LETTER ALPHA WITH DASIA AND VARIA AND PROSGEGRAMMENI
1F8C|Alphapsilioxiaprosgegrammeni|Letter|Uppercase|GREEK CAPITAL LETTER ALPHA WITH PSILI AND OXIA AND PROSGEGRAMMENI
1F8D|Alphadasiaoxiaprosgegrammeni|Letter|Uppercase|GREEK CAPITAL LETTER ALPHA WITH DASIA AND OXIA AND PROSGEGRAMMENI
1F8E|Alphapsiliperispomeniprosgegrammeni|Letter|Uppercase|GREEK CAPITAL LETTER ALPHA WITH PSILI AND PERISPOMENI AND PROSGEGRAMMENI
1F8F|Alphadasiaperispomeniprosgegrammeni|Letter|Uppercase|GREEK CAPITAL LETTER ALPHA WITH DASIA AND PERISPOMENI AND PROSGEGRAMMENI
1F90|etapsiliypogegrammeni|Letter|Lowercase|GREEK SMALL LETTER ETA WITH PSILI AND YPOGEGRAMMENI
1F91|etadasiaypogegrammeni|Letter|Lowercase|GREEK SMALL LETTER ETA WITH DASIA AND YPOGEGRAMMENI
1F92|etapsilivariaypogegrammeni|Letter|Lowercase|GREEK SMALL LETTER ETA WITH PSILI AND VARIA AND YPOGEGRAMMENI
1F93|etadasiavariaypogegrammeni|Letter|Lowercase|GREEK SMALL LETTER ETA WITH DASIA AND VARIA AND YPOGEGRAMMENI
1F94|etapsilioxiaypogegrammeni|Letter|Lowercase|GREEK SMALL LETTER ETA WITH PSILI AND OXIA AND YPOGEGRAMMENI
1F95|etadasiaoxiaypogegrammeni|Letter|Lowercase|GREEK SMALL LETTER ETA WITH DASIA AND OXIA AND YPOGEGRAMMENI
1F96|etapsiliperispomeniypogegrammeni|Letter|Lowercase|GREEK SMALL LETTER ETA WITH PSILI AND PERISPOMENI AND YPOGEGRAMMENI
1F97|etadasiaperispomeniypogegrammeni|Letter|Lowercase|GREEK SMALL LETTER ETA WITH DASIA AND PERISPOMENI AND YPOGEGRAMMENI
1F98|Etapsiliprosgegrammeni|Letter|Uppercase|GREEK CAPITAL LETTER ETA WITH PSILI AND PROSGEGRAMMENI
1F99|Etadasiaprosgegrammeni|Letter|Uppercase|GREEK CAPITAL LETTER ETA WITH DASIA AND PROSGEGRAMMENI
1F9A|Etapsilivariaprosgegrammeni|Letter|Uppercase|GREEK CAPITAL LETTER ETA WITH PSILI AND VARIA AND PROSGEGRAMMENI
1F9B|Etadasiavariaprosgegrammeni|Letter|Uppercase|GREEK CAPITAL LETTER ETA WITH DASIA AND VARIA AND PROSGEGRAMMENI
1F9C|Etapsilioxiaprosgegrammeni|Letter|Uppercase|GREEK CAPITAL LETTER ETA WITH PSILI AND OXIA AND PROSGEGRAMMENI
1F9D|Etadasiaoxiaprosgegrammeni|Letter|Uppercase|GREEK CAPITAL LETTER ETA WITH DASIA AND OXIA AND PROSGEGRAMMENI
1F9E|Etapsiliperispomeniprosgegrammeni|Letter|Uppercase|GREEK CAPITAL LETTER ETA WITH PSILI AND PERISPOMENI AND PROSGEGRAMMENI
1F9F|Etadasiaperispomeniprosgegrammeni|Letter|Uppercase|GREEK CAPITAL LETTER ETA WITH DASIA AND PERISPOMENI AND PROSGEGRAMMENI
1FA0|omegapsiliypogegrammeni|Letter|Lowercase|GREEK SMALL LETTER OMEGA WITH PSILI AND YPOGEGRAMMENI
1FA1|omegadasiaypogegrammeni|Letter|Lowercase|GREEK SMALL LETTER OMEGA WITH DASIA AND YPOGEGRAMMENI
1FA2|omegapsilivariaypogegrammeni|Letter|Lowercase|GREEK SMALL LETTER OMEGA WITH PSILI AND VARIA AND YPOGEGRAMMENI
1FA3|omegadasiavariaypogegrammeni|Letter|Lowercase|GREEK SMALL LETTER OMEGA WITH DASIA AND VARIA AND YPOGEGRAMMENI
1FA4|omegapsilioxiaypogegrammeni|Letter|Lowercase|GREEK SMALL LETTER OMEGA WITH PSILI AND OXIA AND YPOGEGRAMMENI
1FA5|omegadasiaoxiaypogegrammeni|Letter|Lowercase|GREEK SMALL LETTER OMEGA WITH DASIA AND OXIA AND YPOGEGRAMMENI
1FA6|omegapsiliperispomeniypogegrammeni|Letter|Lowercase|GREEK SMALL LETTER OMEGA WITH PSILI AND PERISPOMENI AND YPOGEGRAMMENI
1FA7|omegadasiaperispomeniypogegrammeni|Letter|Lowercase|GREEK SMALL LETTER OMEGA WITH DASIA AND PERISPOMENI AND YPOGEGRAMMENI
1FA8|Omegapsiliprosgegrammeni|Letter|Uppercase|GREEK CAPITAL LETTER OMEGA WITH PSILI AND PROSGEGRAMMENI
1FA9|Omegadasiaprosgegrammeni|Letter|Uppercase|GREEK CAPITAL LETTER OMEGA WITH DASIA AND PROSGEGRAMMENI
1FAA|Omegapsilivariaprosgegrammeni|Letter|Uppercase|GREEK CAPITAL LETTER OMEGA WITH PSILI AND VARIA AND PROSGEGRAMMENI
1FAB|Omegadasiavariaprosgegrammeni|Letter|Uppercase|GREEK CAPITAL LETTER OMEGA WITH DASIA AND VARIA AND PROSGEGRAMMENI
1FAC|Omegapsilioxiaprosgegrammeni|Letter|Uppercase|GREEK CAPITAL LETTER OMEGA WITH PSILI AND OXIA AND PROSGEGRAMMENI
1FAD|Omegadasiaoxiaprosgegrammeni|Letter|Uppercase|GREEK CAPITAL LETTER OMEGA WITH DASIA AND OXIA AND PROSGEGRAMMENI
1FAE|Omegapsiliperispomeniprosgegrammeni|Letter|Uppercase|GREEK CAPITAL LETTER OMEGA WITH PSILI AND PERISPOMENI AND PROSGEGRAMMENI
1FAF|Omegadasiaperispomeniprosgegrammeni|Letter|Uppercase|GREEK CAPITAL LETTER OMEGA WITH DASIA AND PERISPOMENI AND PROSGEGRAMMENI
1FB0|alphavrachy|Letter|Lowercase|GREEK SMALL LETTER ALPHA WITH VRACHY
1FB1|alphamacron|Letter|Lowercase|GREEK SMALL LETTER ALPHA WITH MACRON
1FB2|alphavariaypogegrammeni|Letter|Lowercase|GREEK SMALL LETTER ALPHA WITH VARIA AND YPOGEGRAMMENI
1FB3|alphaypogegrammeni|Letter|Lowercase|GREEK SMALL LETTER ALPHA WITH YPOGEGRAMMENI
1FB4|alphaoxiaypogegrammeni|Letter|Lowercase|GREEK SMALL LETTER ALPHA WITH OXIA AND YPOGEGRAMMENI
1FB6|alphaperispomeni|Letter|Lowercase|GREEK SMALL LETTER ALPHA WITH PERISPOMENI
1FB7|alphaperispomeniypogegrammeni|Letter|Lowercase|GREEK SMALL LETTER ALPHA WITH PERISPOMENI AND YPOGEGRAMMENI
1FB8|Alphavrachy|Letter|Uppercase|GREEK CAPITAL LETTER ALPHA WITH VRACHY
1FB9|Alphamacron|Letter|Uppercase|GREEK CAPITAL LETTER ALPHA WITH MACRON
1FBA|Alphavaria|Letter|Uppercase|GREEK CAPITAL LETTER GREEK ALPHA WITH VARIA
1FBB|Alphaoxia|Letter|Uppercase|GREEK CAPITAL LETTER ALPHA WITH OXIA
1FBC|Alphaprosgegrammeni|Letter|Uppercase|GREEK CAPITAL LETTER ALPHA WITH PROSGEGRAMMENI
1FBD|koronis|Mark|Spacing|GREEK KORONIS
1FBE|prosgegrammeni|Letter|Lowercase|GREEK PROSGEGRAMMENI
1FBF|psili|Mark|Spacing|GREEK PSILI
1FC0|perispomeni|Mark|Spacing|GREEK PERISPOMENI
1FC1|dialytikaperispomeni|Mark|Spacing|GREEK DIALYTIKA AND PERISPOMENI
1FC2|etavariaypogegrammeni|Letter|Lowercase|GREEK SMALL LETTER ETA WITH VARIA AND YPOGEGRAMMENI
1FC3|etaypogegrammeni|Letter|Lowercase|GREEK SMALL LETTER ETA WITH YPOGEGRAMMENI
1FC4|etaoxiaypogegrammeni|Letter|Lowercase|GREEK SMALL LETTER ETA WITH OXIA AND YPOGEGRAMMENI
1FC6|etaperispomeni|Letter|Lowercase|GREEK SMALL LETTER ETA WITH PERISPOMENI
1FC7|etaperispomeniypogegrammeni|Letter|Lowercase|GREEK SMALL LETTER ETA WITH PERISPOMENI AND YPOGEGRAMMENI
1FC8|Epsilonvaria|Letter|Uppercase|GREEK CAPITAL LETTER EPSILONVARIA
1FC9|Epsilonoxia|Letter|Uppercase|GREEK CAPITAL LETTER EPSILONOXIA
1FCA|Etavaria|Letter|Uppercase|GREEK CAPITAL LETTER ETA WITH VARIA
1FCB|Etaoxia|Letter|Uppercase|GREEK CAPITAL LETTER ETA WITH OXIA
1FCC|Etaprosgegrammeni|Letter|Uppercase|GREEK CAPITAL LETTER ETA WITH PROSGEGRAMMENI
1FCD|psilivaria|Mark|Spacing|GREEK PSILI AND VARIA
1FCE|psilioxia|Mark|Spacing|GREEK PSILI AND OXIA
1FCF|psiliperispomeni|Mark|Spacing|GREEK PSILI AND PERISPOMENI
1FD0|iotavrachy|Letter|Lowercase|GREEK SMALL LETTER IOTA WITH VRACHY
1FD1|iotamacron|Letter|Lowercase|GREEK SMALL LETTER IOTA WITH MACRON
1FD2|iotadialytikavaria|Letter|Lowercase|GREEK SMALL LETTER IOTA WITH DIALYTIKA AND VARIA
1FD3|iotadialytikaoxia|Letter|Lowercase|GREEK SMALL LETTER IOTA WITH DIALYTIKA AND OXIA
1FD6|iotaperispomeni|Letter|Lowercase|GREEK SMALL LETTER IOTA WITH PERISPOMENI
1FD7|iotadialytikaperispomeni|Letter|Lowercase|GREEK SMALL LETTER IOTA WITH DIALYTIKA AND PERISPOMENI
1FD8|Iotavrachy|Letter|Uppercase|GREEK CAPITAL LETTER IOTA WITH VRACHY
1FD9|Iotamacron|Letter|Uppercase|GREEK CAPITAL LETTER IOTA WITH MACRON
1FDA|Iotavaria|Letter|Uppercase|GREEK CAPITAL LETTER IOTA WITH VARIA
1FDB|Iotaoxia|Letter|Uppercase|GREEK CAPITAL LETTER IOTA WITH OXIA
1FDD|dasiavaria|Mark|Spacing|GREEK DASIA AND VARIA
1FDE|dasiaoxia|Mark|Spacing|GREEK DASIA AND OXIA
1FDF|dasiaperispomeni|Mark|Spacing|GREEK DASIA AND PERISPOMENI
1FE0|upsilonvrachy|Letter|Lowercase|GREEK SMALL LETTER UPSILON WITH VRACHY
1FE1|upsilonmacron|Letter|Lowercase|GREEK SMALL LETTER UPSILON WITH MACRON
1FE2|upsilondialytikavaria|Letter|Lowercase|GREEK SMALL LETTER UPSILON WITH DIALYTIKA AND VARIA
1FE3|upsilondialytikaoxia|Letter|Lowercase|GREEK SMALL LETTER UPSILON WITH DIALYTIKA AND OXIA
1FE4|rhopsili|Letter|Lowercase|GREEK SMALL LETTER RHO WITH PSILI
1FE5|rhodasia|Letter|Lowercase|GREEK SMALL LETTER RHO WITH DASIA
1FE6|upsilonperispomeni|Letter|Lowercase|GREEK SMALL LETTER UPSILON WITH PERISPOMENI
1FE7|upsilondialytikaperispomeni|Letter|Lowercase|GREEK SMALL LETTER UPSILON WITH DIALYTIKA AND PERISPOMENI
1FE8|Upsilonvrachy|Letter|Uppercase|GREEK CAPITAL LETTER UPSILON WITH VRACHY
1FE9|Upsilonmacron|Letter|Uppercase|GREEK CAPITAL LETTER UPSILON WITH MACRON
1FEA|Upsilonvaria|Letter|Uppercase|GREEK CAPITAL LETTER UPSILON WITH VARIA
1FEB|Upsilonoxia|Letter|Uppercase|GREEK CAPITAL LETTER UPSILON WITH OXIA
1FEC|Rhodasia|Letter|Uppercase|GREEK CAPITAL LETTER RHO WITH DASIA
1FED|dialytikavaria|Mark|Spacing|GREEK DIALYTIKA AND VARIA
1FEE|dialytikaoxia|Mark|Spacing|GREEK DIALYTIKA AND OXIA
1FEF|varia|Mark|Spacing|GREEK VARIA
1FF2|omegavariaypogegrammeni|Letter|Lowercase|GREEK SMALL LETTER OMEGA WITH VARIA AND YPOGEGRAMMENI
1FF3|omegaypogegrammeni|Letter|Lowercase|GREEK SMALL LETTER OMEGA WITH YPOGEGRAMMENI
1FF4|omegaoxiaypogegrammeni|Letter|Lowercase|GREEK SMALL LETTER OMEGA WITH OXIA AND YPOGEGRAMMENI
1FF6|omegaperispomeni|Letter|Lowercase|GREEK SMALL LETTER OMEGA WITH PERISPOMENI
1FF7|omegaperispomeniypogegrammeni|Letter|Lowercase|GREEK SMALL LETTER OMEGA WITH PERISPOMENI AND YPOGEGRAMMENI
1FF8|Omicronvaria|Letter|Uppercase|GREEK CAPITAL LETTER OMICRON WITH VARIA
1FF9|Omicronoxia|Letter|Uppercase|GREEK CAPITAL LETTER OMICRON WITH OXIA
1FFA|Omegavaria|Letter|Uppercase|GREEK CAPITAL LETTER OMEGA WITH VARIA
1FFB|Omegaoxia|Letter|Uppercase|GREEK CAPITAL LETTER OMEGA WITH OXIA
1FFC|Omegaprosgegrammeni|Letter|Uppercase|GREEK CAPITAL LETTER OMEGA WITH PROSGEGRAMMENI
1FFD|oxia|Mark|Spacing|GREEK OXIA
1FFE|dasia|Mark|Spacing|GREEK DASIAQUESTION MARKQUESTION MARK
1D5E|gammamod|Letter|Modifier|MODIFIER LETTER SMALL GREEK GAMMA
1D60|phimod|Letter|Modifier|MODIFIER LETTER SMALL GREEK PHI
2129|turnediota|Symbol|None|TURNED GREEK SMALL LETTER IOTA